{
    "task_type": "regression",
    "metric": "rmse",
    "results": {
        "LinearRegression": {
            "rmse": 4.362654905764928
        },
        "Ridge": {
            "rmse": 4.2190311773162605
        },
        "Lasso": {
            "rmse": 3.6076530282853994
        },
        "ElasticNet": {
            "rmse": 4.049152030150059
        },
        "RandomForest": {
            "rmse": 4.637565093882779
        },
        "ExtraTrees": {
            "rmse": 3.911502268949873
        },
        "GradientBoosting": {
            "rmse": 7.350409253264941
        },
        "XGBoost": {
            "rmse": 1.8650862738574383
        },
        "KNN": {
            "rmse": 2.230694958975789
        },
        "MLP": {
            "rmse": 3.830953559105492
        }
    },
    "best_model": "XGBoost"
}