{
    "metric": "rmse",
    "cv_folds": 5,
    "n_samples": 6,
    "mean_rmse": 0.7121577855426431,
    "std_rmse": 0.642192563403688,
    "all_scores": [
        0.5707889277132138,
        0.7199999999999989,
        1.9200000000000017,
        0.120000000000001,
        0.23000000000000043
    ]
}