{
    "metric": "rmse",
    "cv_folds": 5,
    "n_samples": 10,
    "mean_rmse": 3.3284215098055876,
    "std_rmse": 1.1397742114399214,
    "all_scores": [
        4.206046243207509,
        4.651892088172296,
        3.2258351631786755,
        1.3407553841025606,
        3.217578670366895
    ]
}