{
    "metric": "rmse",
    "cv_folds": 5,
    "n_samples": 25,
    "mean_rmse": 3.1843887110279168,
    "std_rmse": 1.9802220291235098,
    "all_scores": [
        5.139457409582865,
        3.1058695334711817,
        0.9349958229835319,
        5.678261704205965,
        1.06335908489604
    ]
}