{
    "metric": "rmse",
    "cv_folds": 5,
    "n_samples": 25,
    "mean_rmse": 2.735512371147396,
    "std_rmse": 2.2427883009499596,
    "all_scores": [
        2.982039579161505,
        1.3117263867078393,
        0.45152664569214523,
        6.90086839353271,
        2.031400850642778
    ]
}